parque,enlace
Parque de Servicios e Industrias Palmira PASIP Departamento San Martin Mendoza,https://parquesindustriales.com.ar/parques/57862
Area Comercial Industrial y de Servicios Laborde Cordoba,https://parquesindustriales.com.ar/parques/81686
Parque Darwin ZONNA Depositos Industriales Carapachay Buenos Aires,https://parquesindustriales.com.ar/parques/79616
Parque Industrial de Uriburu La Pampa,https://parquesindustriales.com.ar/parques/79747
Parque Industrial Morteros Cordoba,https://parquesindustriales.com.ar/parques/67527
Plaza Logistica Pilar Buenos Aires PL PILAR,https://parquesindustriales.com.ar/parques/78614
Parque Industrial Pesado Puerto Madryn Chubut,https://parquesindustriales.com.ar/parques/64066
Parque Industrial PIER6 Polo Industrial Logistico y Empresarial Los Cardales Buenos Aires,https://parquesindustriales.com.ar/parques/87915
Sector Industrial Planificado de Almirante Brown SIPAB Burzaco Buenos Aires,https://parquesindustriales.com.ar/parques/52821
Sector Industrial Planificado de Alberti II,https://parquesindustriales.com.ar/parques/85820
Sector Industrial Planificado de Alberti I,https://parquesindustriales.com.ar/parques/11404
Parque Productivo Tecnolgico e Industrial Bariloche,https://parquesindustriales.com.ar/parques/78570
Parque Industrial Distrito Rio Neuquen,https://parquesindustriales.com.ar/parques/83717
Area Industrial y Logistica INLOG,https://parquesindustriales.com.ar/parques/88015
Parque Industrial Newton ZONNA Depositos Industriales Villa Ballester,https://parquesindustriales.com.ar/parques/77397
Parque Foresto Industrial Ituzaingo Provincia de Corrientes Puerto y Parque Industrial,https://parquesindustriales.com.ar/parques/82544
Parque Industrial Ruta 6,https://parquesindustriales.com.ar/uploads/1674568940.pdf
Parque Industrial y Minero Eje Norte Las Heras Mendoza,https://parquesindustriales.com.ar/parques/50887
Plaza Logistica Tortugas PL TORTUGAS Garin Escobar,https://parquesindustriales.com.ar/parques/78623
Area Parque Industrial Tandil,https://parquesindustriales.com.ar/parques/11284
Poligono Industrial Malagueño PIM,https://parquesindustriales.com.ar/parques/78962
P.I.R.C.A. Parque Industrial de la Region Central Argentina -Alvear Santa Fe-,https://parquesindustriales.com.ar/parques/88115
Parque Industrial General Roca II Provincia Rio Negro,https://parquesindustriales.com.ar/parques/78585
Parque Industrial y Centro Logistico Good Park Hurlingham Buenos Aires,https://parquesindustriales.com.ar/parques/78561
Parque Empresarial Austral Pilar Buenos Aires,https://parquesindustriales.com.ar/parques/65838
Plaza Logistica Mercado Central PL MERCADO Villa Celina Buenos Aires,https://parquesindustriales.com.ar/parques/80269
Area Industrial Oficial de Desarrollo de Casilda,https://parquesindustriales.com.ar/parques/61781
Parque Industrial Metropolitano de Funes,https://parquesindustriales.com.ar/parques/79168
Parque Industrial Municipal Centenario Zona II,https://parquesindustriales.com.ar/parques/78996
Parque Industrial Perico Provincia Juyuy,https://parquesindustriales.com.ar/parques/76506
Parque Industrial y de la Innovacion Posadas Misiones PIIP,https://parquesindustriales.com.ar/parques/74378
Centro de Transferencia de Cargas CTC Villa Soldati CABA,https://parquesindustriales.com.ar/parques/78000
Parque Industrial Pesquero Rawson Chubut,https://parquesindustriales.com.ar/parques/50880
Parque Industrial de Naschel,https://parquesindustriales.com.ar/parques/83979
Parque Industrial Provincial Picun Leufu,https://parquesindustriales.com.ar/parques/82582
Parque Industrial PYME Alta Gracia,https://parquesindustriales.com.ar/parques/87815
Emprendedores del Buen Ayre Parque Industrial EBAPI,https://parquesindustriales.com.ar/parques/79607
Parque Industrial DECA Haedo Moron,https://parquesindustriales.com.ar/parques/78859
Parque Industrial y Tecnologico General Manuel Savio Mar del Plata,https://parquesindustriales.com.ar/parques/50752
Parque Industrial Rawson Chubut,https://parquesindustriales.com.ar/parques/11304
Parque Industrial de Freyre Departamento San Justo Cordoba,https://parquesindustriales.com.ar/parques/88215
Area Industrial Villa Elisa,https://parquesindustriales.com.ar/parques/64532
Parque Industrial La Urbana,https://parquesindustriales.com.ar/parques/64156
Parque Privado Canning Industrial,https://parquesindustriales.com.ar/parques/71345
Parque Industrial Cañuelas I,https://parquesindustriales.com.ar/parques/68729
Parque Industrial y Logistico COPESP General Cabrera Cordoba,https://parquesindustriales.com.ar/parques/88315
Parque Industrial Ruta 25 PIR25 La Reja Moreno,https://parquesindustriales.com.ar/parques/82753
Parque Industrial Emprendimiento Productivo Leones Cordoba,https://parquesindustriales.com.ar/parques/78740
Parque Industrial de Rio Colorado,https://parquesindustriales.com.ar/parques/78998
Parque Industrial San Bernardo,https://parquesindustriales.com.ar/parques/78947
Parque Industrial Garin Partido de Escobar -CIPO-,https://parquesindustriales.com.ar/parques/49080
Agrupacion Industrial ACE 12 Asociacion Cooperativa de Empresas 12 Berazategui,https://parquesindustriales.com.ar/parques/62565
Parque Industrial Metropolitano PIM Perez Gran Rosario,https://parquesindustriales.com.ar/parques/66604
Parque Industrial Provincial Rio Gallegos Santa Cruz,https://parquesindustriales.com.ar/uploads/1694787129.PDF
Parque Industrial de Crespo Entre Rios,https://parquesindustriales.com.ar/parques/50882
Parque Industrial Los Surgentes Cordoba,https://parquesindustriales.com.ar/parques/70053
Parque Industrial Oficial de Desarrollo de Rafaela Ingeniero Victor Santiago Monti,https://parquesindustriales.com.ar/parques/11396
Parque Industrial Provincial Puerto Tirol,https://parquesindustriales.com.ar/parques/11298
Parque Industrial Provincial de Mendoza PIP Distrito Industrial de Lujan de Cuyo,https://parquesindustriales.com.ar/parques/74128
Parque Industrial Franco del Oeste FO Moreno Buenos Aires,https://parquesindustriales.com.ar/parques/77581
Parque Industrial Corral de Bustos Ifflinger Cordoba,https://parquesindustriales.com.ar/parques/77377
Area Industrial Oficial de Promocion de Malabrigo Santa Fe,https://parquesindustriales.com.ar/parques/85810
Parque Industrial San Martin,https://parquesindustriales.com.ar/parques/74122
Parque de Investigacion e Innovacion Tecnologica Comodoro Rivadavia,https://parquesindustriales.com.ar/parques/71808
Area Industrial Uriburu AIU Rosario Santa Fe,https://parquesindustriales.com.ar/parques/78273
Parque Industrial Adrian Pascual Urquia General Deheza,https://parquesindustriales.com.ar/parques/50884
Parque Industrial Chamical La Rioja,https://parquesindustriales.com.ar/parques/62715
Sector Industrial Planificado Tornquist,https://parquesindustriales.com.ar/parques/78687
Parque Industrial Cardales,https://parquesindustriales.com.ar/parques/78601
Parque Industrial Llave,https://parquesindustriales.com.ar/parques/79361
Parque Industrial Privado Villa Flandria,https://parquesindustriales.com.ar/parques/62311
Area Industrial Chajari Entre Rios,https://parquesindustriales.com.ar/parques/57890
Parque Industrial Municipal Modelo Añelo Industria Neuquen,https://parquesindustriales.com.ar/parques/85824
Parque Industrial Ausonia Cordoba,https://parquesindustriales.com.ar/parques/84871
Sector Industrial Planificado de Pigue,https://parquesindustriales.com.ar/parques/11421
Sector Industrial Planificado General Pinto,https://parquesindustriales.com.ar/parques/11413
Parque Industrial Municipal de Lujan de Cuyo,https://parquesindustriales.com.ar/parques/11372
Parque Industrial Las Heras Santa Cruz,https://parquesindustriales.com.ar/parques/80394
Area Industrial de Desarrollo de Carcaraña Santa Fe,https://parquesindustriales.com.ar/parques/57531
Zona Especial Industrial y de Servicios 1 San Patricio del Chañar Neuquen,https://parquesindustriales.com.ar/parques/80267
Parque Industrial Troquel-Cor Ituzaingo La Reja Buenos Aires,https://parquesindustriales.com.ar/parques/65538
Parque Industrial General Conesa,https://parquesindustriales.com.ar/parques/80224
Parque Industrial Hudson,https://parquesindustriales.com.ar/parques/77453
Area Industrial Oficial de Desarrollo de Villa Gobernador Galvez Santa Fe,https://parquesindustriales.com.ar/parques/78807
Area Industrial de Maria Grande Entre Rios,https://parquesindustriales.com.ar/parques/64522
Sector Industrial Planificado de Granos Olavarria -Parque de Granos-,https://parquesindustriales.com.ar/parques/76252
Sector Industrial Planificado America,https://parquesindustriales.com.ar/parques/82536
Parques Industriales Moreno PIM 1,https://parquesindustriales.com.ar/parques/77574
Zona Industrial Rodriguez Peña Godoy Cruz Mendoza,https://parquesindustriales.com.ar/parques/64551
Pacheco Trade Center Tortuguitas PTC III,https://parquesindustriales.com.ar/parques/82500
Parque Industrial Oficial de Promocion de Avellaneda Santa Fe,https://parquesindustriales.com.ar/parques/11394
Parque Industrial de 9 de Julio -San Juan-,https://parquesindustriales.com.ar/parques/80400
Parques Industriales Moreno PIM 2,https://parquesindustriales.com.ar/parques/80235
Parque de Desarrollo Empresarial e Industrial Maipu Mendoza,https://parquesindustriales.com.ar/parques/76098
Area Municipal de Promocion Industrial y de Servicios Sunchales Santa Fe,https://parquesindustriales.com.ar/parques/73561
Parque Industrial Comercial y de Servicios de Eduardo Castex,https://parquesindustriales.com.ar/parques/58333
Parque Industrial Sur San Luis,https://parquesindustriales.com.ar/parques/79466
Parque Industrial y Tecnologico Florencio Varela,https://parquesindustriales.com.ar/uploads/1684541534.png
Parque Industrial COMIRSA Complejo Industrial Ramallo San Nicolas,https://parquesindustriales.com.ar/parques/11292
Sector Industrial Planificado de Carmen de Areco,https://parquesindustriales.com.ar/parques/78596
